{
  "classes": [
    "background",
    "thumbs_up",
    "v_sign"
  ],
  "results": [
    {
      "model": "VGG-16_gestures.tflite",
      "accuracy": 0.95,
      "confusion": [
        [
          40,
          0,
          0
        ],
        [
          0,
          38,
          2
        ],
        [
          0,
          4,
          36
        ]
      ],
      "report": {
        "0": {
          "precision": 1.0,
          "recall": 1.0,
          "f1-score": 1.0,
          "support": 40.0
        },
        "1": {
          "precision": 0.9047619047619048,
          "recall": 0.95,
          "f1-score": 0.926829268292683,
          "support": 40.0
        },
        "2": {
          "precision": 0.9473684210526315,
          "recall": 0.9,
          "f1-score": 0.9230769230769231,
          "support": 40.0
        },
        "accuracy": 0.95,
        "macro avg": {
          "precision": 0.9507101086048454,
          "recall": 0.9500000000000001,
          "f1-score": 0.9499687304565354,
          "support": 120.0
        },
        "weighted avg": {
          "precision": 0.9507101086048454,
          "recall": 0.95,
          "f1-score": 0.9499687304565353,
          "support": 120.0
        }
      }
    },
    {
      "model": "mobilenet_gestures.tflite",
      "accuracy": 0.967,
      "confusion": [
        [
          40,
          0,
          0
        ],
        [
          0,
          37,
          3
        ],
        [
          1,
          0,
          39
        ]
      ],
      "report": {
        "0": {
          "precision": 0.975609756097561,
          "recall": 1.0,
          "f1-score": 0.9876543209876543,
          "support": 40.0
        },
        "1": {
          "precision": 1.0,
          "recall": 0.925,
          "f1-score": 0.961038961038961,
          "support": 40.0
        },
        "2": {
          "precision": 0.9285714285714286,
          "recall": 0.975,
          "f1-score": 0.9512195121951219,
          "support": 40.0
        },
        "accuracy": 0.9666666666666667,
        "macro avg": {
          "precision": 0.9680603948896632,
          "recall": 0.9666666666666667,
          "f1-score": 0.9666375980739125,
          "support": 120.0
        },
        "weighted avg": {
          "precision": 0.9680603948896632,
          "recall": 0.9666666666666667,
          "f1-score": 0.9666375980739125,
          "support": 120.0
        }
      }
    }
  ]
}